genome_position,norm_react_V_25,norm_react_se_V_25,norm_react_V_50,norm_react_se_V_50
130.0,0.0,0.2861739483676683,0.0018331443013945615,0.23121235462037582
131.0,0.0,0.20313344563701885,0.03710023582746095,0.1807282011161117
132.0,1.6073355756715797,0.15617776809961048,0.5860352162300645,0.13246186459521825
133.0,0.0,0.33779472859099696,0.0,0.2923772610459547
134.0,0.0,0.17848572323082387,0.0,0.14185660218436683
135.0,0.05063063288429907,0.2197071846626972,0.021229794727540392,0.18844596729341062
136.0,0.17201178017180502,0.17669151524511342,0.06398159907831119,0.17631980308105816
137.0,0.0,0.11863279642329227,0.04774115796956884,0.10988848241537486
138.0,0.9213343234333283,0.059804465925272166,0.1344103819791433,0.04602778797022128
139.0,0.19025688241093663,0.10233447689941921,0.022131467622188237,0.07325370769188527
140.0,0.01854239570373966,0.0651729583181727,0.033946727373357626,0.06570362408427499
141.0,0.3881952162849135,0.11837354493536581,0.32952014769288285,0.13559220769300398
142.0,0.43452047836826063,0.06451281676672886,0.2730362395984797,0.03664374141865473
143.0,0.16500524444260986,0.029293805993356365,0.002018457547451932,0.03357552502698329
144.0,0.2509878138962568,0.050924085511451986,0.1419549888349604,0.029903466018380318
145.0,0.025647868286495214,0.13599501433143557,0.012304290150945411,0.09986575557137146
146.0,0.10033990299188786,0.07381184478049174,0.001349140254776267,0.042782727136603915
147.0,0.32778528384494976,0.09390804551080116,0.19272409847800054,0.07313934321920704
148.0,0.0,0.15627773019386487,0.01890906751589172,0.07467453141610078
149.0,0.06444029424561182,0.1678760824072063,0.1943656447812048,0.07334414944254908
150.0,0.10732384667735437,0.037491396636381076,0.08423287618633529,0.02849657078370418
151.0,0.012466462100059405,0.014387221576903917,0.13868402571150978,0.02846659816687711
152.0,0.92896580605019,0.05626542969838635,0.2802950606325678,0.06678952839024956
153.0,0.2941091863508958,0.06295446432509216,0.1809496072751355,0.051342264175466695
154.0,0.0,0.06743924202388225,0.05247712507648291,0.09413350752983402
155.0,0.1188146545884617,0.026090074236049976,0.07990467649718697,0.023049616812560583
156.0,0.3606116297510663,0.031612742211702446,0.08412919531604798,0.01798935373861686
157.0,0.5410159214891839,0.058133541037374545,0.07608743638931612,0.04032713587540479
158.0,0.0,0.064533065108528,0.04666279213100636,0.03730409952755124
159.0,0.03936328544346539,0.06033052275360037,0.01661897036554711,0.03483832970423153
160.0,1.551700233158595,0.13165905261932676,0.4081144735363396,0.15164786107808137
161.0,0.009450180315287448,0.14288558253368105,0.11069680434310618,0.12749571614802066
162.0,0.002229710055884779,0.060861028498745376,0.053263030405407,0.11000005972574428
163.0,0.003925477992414552,0.034479456710225606,0.11824662926847378,0.03422158951530097
164.0,0.26722129440029313,0.041243842963595984,0.13229437229755783,0.05719347065894901
165.0,0.0,0.103811030303464,0.059358811963070024,0.04652268631001538
166.0,0.0337485951757483,0.014643281067244177,0.10084808920219622,0.02255785529933149
167.0,0.07824222895324165,0.037755424478997886,0.10934087897387058,0.028462298179103618
168.0,0.13959755902530488,0.02612973014802694,0.1572977769302464,0.018860637350741272
169.0,0.009331977286817127,0.025106754719000476,0.022409633418685113,0.022092561293093383
170.0,0.041074350683892855,0.06766535714822755,0.14013117930895713,0.03996746134484918
171.0,0.1021868042484387,0.04474370684049326,0.04084190483402977,0.021759141892422024
172.0,0.05782975355908442,0.042708436432467536,0.03210220479849092,0.045979274337964685
173.0,0.0015591990519352068,0.038809095481131956,0.0130677950763525,0.030954848807784208
174.0,0.0,0.14383986124756687,0.0,0.09439399581433952
175.0,0.0063292602479835995,0.15896071715318652,0.062437400925266964,0.14096943805982673
176.0,0.02790380865137264,0.15641710898617936,0.06426236269550749,0.12260616230929378
177.0,0.12791275165474905,0.061660836208240775,0.08377566372235178,0.06382560504313636
178.0,0.15475119616036992,0.1589836800867822,0.11787834529357033,0.11758251260958769
179.0,0.4203507757948676,0.08508114954006535,0.28105256680730983,0.05589925555737761
180.0,0.4446649485600291,0.04180400115696581,0.39676822494949815,0.05360374987156109
181.0,0.16705994984462874,0.020269812416962088,0.12610005129366703,0.01342458842832543
182.0,0.16243005799190122,0.042181259582682755,0.11104016699596378,0.028020551793362863
183.0,0.0006900235800856025,0.0155932601460174,0.002664787579444437,0.011101885494252471
184.0,0.1677552533253123,0.09261807829885124,0.0933377876978433,0.07721698405427475
185.0,0.0005155449038748881,0.024006877627917443,0.028084899848166336,0.01526454579829297
186.0,0.4997213289973803,0.07138531198473698,0.43870974864321205,0.05581916415714892
187.0,0.49488878546965964,0.06571733430950677,0.49283296681225014,0.0885484387997574
188.0,0.44939250654192847,0.10632189106521554,0.3153334537778978,0.09081012400871419
189.0,0.008284767644594846,0.07354211147731365,0.05094604981382555,0.05282053437153119
190.0,0.16726316756361279,0.17275818279318264,0.14101179989736295,0.12626720706449648
191.0,0.17606180897320872,0.17849144787571136,0.2086866575052567,0.15683818728398152
192.0,0.6178153572836246,0.07885358567689575,0.623873554357282,0.0680803141468141
193.0,0.38226805351971843,0.0419944079930597,0.3525386105818132,0.029150339668192304
194.0,0.15272682103055796,0.0254699963230219,0.20035092490807427,0.014591560610076722
195.0,0.0633153413129202,0.016171712862234584,0.09301726368812008,0.016034468964792544
196.0,0.22533408548163553,0.037320649447103664,0.1776356278996711,0.02461829067367574
197.0,0.29279012427589207,0.07495097673509214,0.16762394399424382,0.05719739522624016
198.0,0.04123621561771341,0.025538067860536577,0.10072450875618465,0.018509740880362564
199.0,0.12367213662455177,0.07272303589150497,0.10352159730557876,0.07383561785690472
200.0,0.21958299529806988,0.09679500637942082,0.10791944889777333,0.06083696942789226
201.0,0.21673059014907034,0.027194242247199806,0.28630643485529644,0.03584496851668025
202.0,0.655990461569058,0.05695422760319053,0.5208264766929642,0.047133324703100686
203.0,0.2582404074927179,0.05716016751697554,0.34300922708865733,0.047788629889650616
204.0,0.0005342186574856465,0.04796194320185069,0.12227343762370745,0.0358905759115402
205.0,0.0812711159944107,0.02997850195305743,0.022735261195410368,0.02935543607136744
206.0,1.3518151428861414,0.12609283432584184,0.05564586781876862,0.026679443564450407
207.0,0.11840014509575944,0.1938381410971881,0.37076294236265067,0.11564698088518795
208.0,0.8592440957628659,0.11644302621709542,0.705374456496592,0.09572645981469197
209.0,0.058374544074159936,0.2640124416479222,0.19192846332456723,0.13991073608138344
210.0,0.07675373358523344,0.037734473771443254,0.06792088159914131,0.03225853074167412
211.0,0.00797579244933365,0.03148190731793226,0.02870726179394047,0.023417073409845505
212.0,0.2835565397962958,0.08759898475718329,0.1642096244552126,0.07991127913369576
213.0,0.4558000819118183,0.2368655180975554,0.2845318197765261,0.22669694349400815
214.0,0.2592834729739328,0.05327778525015657,0.3262157510355694,0.04935678179280392
215.0,0.5333593632715294,0.1180450000748885,0.3361258275468035,0.12052743561069998
216.0,0.04695147602675455,0.11723314782578875,0.07373229268785628,0.09826221250845717
217.0,0.12256355208555064,0.23671304711600094,0.11170989782918994,0.18687860182910276
218.0,0.06147552550046266,0.10132440776146845,0.2150327317264971,0.08145024187382531
219.0,0.43811990295188596,0.055017305693078854,0.2996449766962306,0.058132876421864516
220.0,0.2769967852418036,0.046228427175135325,0.31331344748781814,0.041793466836707656
221.0,0.47783769375624097,0.11430645614825413,0.24222431654814092,0.09612562639942591
222.0,0.03201869552811258,0.07551845837775877,0.05298944502511017,0.03488727663969314
223.0,0.15845807018335537,0.09268706472051191,0.16935854646915346,0.09441863842665031
224.0,0.5877935946939569,0.1289970642608768,0.5114947012005211,0.12082763327370016
225.0,0.5151194697652481,0.06511384734686057,0.46253663230359837,0.06642550020685016
226.0,0.45432089028684747,0.05892268991474404,0.3733750380376655,0.048408470231914615
227.0,0.3139567666970747,0.04368931297399038,0.2994163870424186,0.03965593804247671
228.0,0.2791145037072129,0.07317178750905728,0.2582450180048067,0.0549012972280269
229.0,0.2321216861253903,0.07223430615009664,0.24308091502486817,0.039994314951669684
230.0,0.22515889495668193,0.042486102416610674,0.15460314881407733,0.0219937086332536
231.0,0.1560364548132631,0.04112346140058703,0.11180502183386808,0.022097374259205025
232.0,0.18344555110913596,0.0488747970447952,0.13656274426504666,0.042314852593911385
233.0,0.17069457515709813,0.03696140831417871,0.1717214072200849,0.04012766364979979
234.0,0.1495006742556308,0.03638799713878138,0.19314652941353913,0.03407863533952531
235.0,1.184656238916606,0.23212277768069267,0.7817075489882161,0.2649131103479825
236.0,0.34222047010068374,0.23574966204129139,0.648674075752712,0.10082116596426592
237.0,0.5506114394439936,0.05592635135966464,0.5595093198670301,0.06308987351132465
238.0,0.22281718043850698,0.07698581336169487,0.09979481578557897,0.13394739335280878
239.0,0.02546235694638344,0.09542676498807656,0.18890141041098862,0.04853820759816568
240.0,0.5154246139449936,0.11481814779400001,0.4712560788669907,0.0993256005647559
241.0,0.7811133767888045,0.10294221447377509,0.6682609555464305,0.10615886874707156
242.0,0.7053464988302685,0.17350838654614675,0.5962997073198064,0.19269022206870934
243.0,0.9063754337471808,0.1469527480404621,1.0119208472797654,0.1709779119964241
244.0,0.4147111528691124,0.16634801788192108,0.48947255627349384,0.13794845307475653
245.0,0.5041914362852913,0.23314096332742834,0.5614640654421231,0.17282530818333458
246.0,0.40475911557454614,0.06187204724334139,0.40252200624129736,0.04892416441004725
247.0,0.2758041685942069,0.12755197013830308,0.4334506635199189,0.06827783071697657
248.0,0.21607979959002868,0.07630573483699725,0.18186799699416845,0.03924558918704613
249.0,0.3002898752012265,0.06682448948785112,0.33580053809185717,0.05621377228934066
250.0,0.2643471026014231,0.07701616347417618,0.1525202881104425,0.055054379386843315
251.0,0.0019288726274104913,0.058088372293356796,0.0,0.030627511032443037
252.0,0.28911576145750933,0.0449251866138415,0.22179539579826854,0.05200086944720943
253.0,0.3265159088161908,0.039803612568147545,0.3616128387676011,0.023192496715759486
254.0,0.6077181710616218,0.0983716792226959,0.4850773190161877,0.07799294961142994
255.0,0.18285383922668666,0.018995541936902113,0.25895985828820334,0.01103650280689731
256.0,0.08584676384684312,0.015179785952466432,0.11879465724739559,0.016217355516132927
257.0,0.39670982603564964,0.08160300920766801,0.39918362109550726,0.0745423440127779
258.0,0.4531935023188267,0.07390030065690914,0.43030214779016607,0.0550965787476637
259.0,0.2849156136915349,0.10487675004194685,0.28225471787340567,0.0948817272433562
260.0,0.21487818540078413,0.04169713287026954,0.13922000830283396,0.03512625482124178
261.0,0.6992468306141755,0.16069651910715688,0.5326576295590335,0.09703050858281285
262.0,1.3800863669831887,0.2301207521347437,1.2829273699156074,0.20119639821687116
263.0,0.49684340277456684,0.1678117374516589,0.4245813803583064,0.10833198473380098
264.0,0.11079279000850126,0.030708844090606487,0.13939841434099048,0.012129021207131342
265.0,0.21950790520301874,0.030616153208728805,0.18209805358913617,0.02506556190674523
266.0,0.4242487382727255,0.05026030654794332,0.5035973664458295,0.06467963128902904
267.0,0.42656442569297875,0.03685696289709581,0.49868877037654946,0.025901879095394834
268.0,0.3124992012097142,0.013293524931372862,0.2240518673289419,0.02802879641140476
269.0,0.0385635126395499,0.01348250815658772,0.02256672435920443,0.01574429035502111
270.0,0.04743109930729737,0.25973010920339984,0.21945758203370766,0.11587915857633996
271.0,0.5240763185558224,0.16590218927058073,0.11942836666166474,0.08497306875245497
272.0,0.2257289227857617,0.09285183213338283,0.14090246981421936,0.09837721998219785
273.0,0.204749310187369,0.09073565969110768,0.2480256137332985,0.10021749046741889
274.0,0.11796652829109636,0.0510010301382747,0.12997436203169085,0.04884402531000953
275.0,0.5233844092800377,0.20234999443455395,0.4269867006348473,0.18468662419053727
276.0,0.13786578159101356,0.025177423485022474,0.31719462205975274,0.044211585452704844
277.0,0.15548217338150275,0.0428887926743666,0.1062017069977778,0.0334827614029873
278.0,0.7313980949983703,0.060554129208113254,0.6899424316289874,0.0597399432210543
279.0,0.19524094734499625,0.0769077716265455,0.13355183109599644,0.08329645754222338
280.0,0.6609629835673485,0.06348617415206845,0.6807550243461135,0.08344571306016814
281.0,0.28821624018483705,0.05460699245861619,0.30729700986279457,0.02354811002100131
282.0,0.3330897618948153,0.07698398852556176,0.06799340682393068,0.03755864263742585
283.0,0.6851344431278018,0.4518551795680546,0.1150126468322475,0.2116115576386045
284.0,0.652310864717013,0.6353344155496156,0.21284331407012172,0.3340837812748191
285.0,0.1836770887666897,0.2053752359714976,1.962828959450243,0.24628153027940541
286.0,3.2560925666583858,0.1779470390913272,2.2420114411854275,0.17530807933036338
287.0,0.7362815626670868,0.20393584105038157,0.5756106914428276,0.12342939085611045
288.0,1.1833207363466578,0.3514738994238389,1.6482041249286483,0.15294203235339865
289.0,0.6660187462198255,0.15205422645563152,0.5066787243955019,0.06066542460523144
290.0,1.0284979091607525,0.09035676867730663,1.2339854503738958,0.10363182650749181
291.0,0.8652647302239171,0.21231702646617387,0.488321858510989,0.1318844465378086
292.0,0.16380673840239302,0.06366181925428281,0.1642298996114744,0.041848132264379195
293.0,0.1496089487138134,0.044076154996691645,0.12833215192402161,0.02998027601814077
294.0,0.17837878975755614,0.06088775180228179,0.21742881395941038,0.049068517149496046
295.0,0.6263999093330769,0.14666348546229427,0.4883688574634156,0.10335286645565868
296.0,0.35082636937326783,0.0886322037758506,0.8273090265861911,0.10135770345362843
297.0,0.8777527569996368,0.4012061330573181,0.5230064547446759,0.253609351488351
298.0,0.5442018952954822,0.16592306415096422,0.2851189412880999,0.04443250167841617
299.0,0.5139169986169927,0.09566592971240366,0.6051142589332626,0.06404133980212803
300.0,0.7477883824832424,0.08933914755099692,0.8559411163218251,0.08202599978271922
301.0,0.30972478312769713,0.04699966640182662,0.4200999338011904,0.02881162343354144
302.0,0.3890856074173271,0.11827532880389746,0.32591947718598446,0.08455708503753964
303.0,0.3679385661647233,0.06634125916060758,0.35813633451918503,0.060723625683079346
304.0,0.40570713542653797,0.04727863854787413,0.4716115786882588,0.06877235679472828
305.0,0.4709515356703902,0.04610860207983665,0.5310886343822981,0.051094357047872144
306.0,0.06588133027404741,0.04540246238849015,0.03657424986983523,0.019492218469907577
307.0,0.274655776507884,0.028706691168359052,0.3545365419106122,0.05074806239117906
308.0,0.2297049524522583,0.021974591929448055,0.3180945441910008,0.04231145735792964
309.0,0.19604398979663654,0.020775303839030278,0.19556554683910796,0.02496203898722074
310.0,0.25442611923607383,0.021923755957972815,0.2683021416970821,0.03498147448280086
311.0,0.21082292895806978,0.02117883969411032,0.22459628054912223,0.040707680364045234
312.0,0.10270010937328442,0.020423277456594145,0.16801564055688903,0.023582691647147522
313.0,0.14474444960229615,0.03360103029283397,0.14948424258750345,0.027246568769202176
314.0,0.6077317480204221,0.04691493706898608,0.7241467791695844,0.07218766246520775
315.0,0.4566365293332808,0.13954959884099463,0.477824252336776,0.07681355028319595
316.0,0.4772441735895192,0.18982083014954004,0.4060431270732649,0.13554065497354814
317.0,0.8420512663712476,0.1602563938425371,1.0540597102528082,0.10211409530430623
318.0,1.219174627051356,0.41355581757455817,0.7330053714280358,0.19526106456517298
319.0,1.8604238791828749,1.068705283785551,1.4378209548450847,0.7882585823803194
320.0,1.548001142923792,0.28525628341190734,1.5672856301309253,0.226246527273135
321.0,0.869804290588922,0.1352256684257024,0.9020605160983628,0.10743882760446184
322.0,0.6170190714608489,0.211339967083011,0.43794937087840735,0.12968427345136518
323.0,0.293360743872314,0.11214701936191067,0.24753775092283328,0.06755083835828465
324.0,0.8041985713883331,0.16950170591372837,0.6386719353452228,0.10758074837381609
325.0,0.2761049149696297,0.08042307931079495,0.305862325985471,0.047217595502958155
326.0,0.08351563922768455,0.03083063006698118,0.08757239983606771,0.01899388145321313
327.0,0.47363742988626595,0.05536765271048565,0.4795192791520868,0.05806838214639604
328.0,0.2991074549159489,0.0603153691124323,0.4239240628504871,0.06608248146708935
329.0,1.480825354918696,0.1959334885239757,1.289331653679749,0.1404394840127165
330.0,0.06048629761992643,0.026345692589656175,0.09733199263601867,0.0128081999373068
331.0,0.4759728480179988,0.061693169152556536,0.5215778517209309,0.05802566758028744
332.0,0.3082782163283369,0.032653952785596685,0.3049851026383611,0.019776462916734936
333.0,0.18242404290841313,0.03223823111469118,0.17708716253385595,0.024634397050360104
334.0,0.06556142132797074,0.019467651688146317,0.04628885662234246,0.017538317402100222
335.0,0.3180247082902823,0.025224634450980065,0.3305653325868284,0.036679917690438726
336.0,0.03265370198909999,0.008622332151319977,0.0875133786952343,0.010249142115750294
337.0,0.5667571472480538,0.0428399903192158,0.6458349976494792,0.0407088221918085
338.0,2.075748582666642,0.12817251673470795,2.184641925295864,0.14494113702112776
339.0,0.32906927395468616,0.07230189523359415,0.43901557738302255,0.055322206852057604
340.0,0.1697674708168149,0.06903928567887382,0.1689291041882292,0.04198822239203029
341.0,0.5049884039807659,0.08876621868783134,0.5676990684902324,0.08003229473326995
342.0,0.27320299795313974,0.0410312897389944,0.3272017540290517,0.02848150963170338
343.0,0.5398372063804933,0.06356888812995265,0.4614041462147027,0.04286766154135553
344.0,0.6396585156939119,0.09491323751847054,0.7543593605467058,0.09762767749385354
345.0,0.39441442732698817,0.03516855487816296,0.4590363172031714,0.0399271051744538
346.0,0.6981577720246079,0.12227009676255719,0.8304761967910124,0.10830568912519421
347.0,0.3317489591129907,0.07094265109663324,0.25259165606391765,0.038870142003935744
348.0,0.19806188084270274,0.062082368628767905,0.09492010013670717,0.04433268113060374
349.0,0.23252646484482725,0.05444067485850601,0.23890425339749777,0.03050060075499844
350.0,0.8445384497970656,0.07968533732967427,0.8518392822313321,0.09887231940901194
351.0,0.19802410399504072,0.02810491985594592,0.21624774126402513,0.028179164218153044
352.0,0.23971653294218678,0.029864337459871285,0.27091017181179716,0.016644446918959464
353.0,0.11517835646155321,0.028242059123866816,0.15189240870103632,0.01817312654652557
354.0,0.3172355462092643,0.03230727524619367,0.367361135180666,0.02498961251656011
355.0,0.07817381241632487,0.03955449144625675,0.05018164386680621,0.014924088502343315
356.0,0.1045775834008173,0.028370667124586683,0.14427720295308227,0.023026670337267036
357.0,0.11678642243279894,0.028039210097583925,0.12459570986632912,0.024475389987313977
358.0,0.07085218334762618,0.03414064838993751,0.004817458282951197,0.017183723059291736
359.0,0.038554231279057646,0.07925938021623184,0.02406565948203504,0.04966965330223791
360.0,0.1315203114722539,0.2196556193901635,0.0,0.08411758948366638
361.0,0.5296527425671663,0.3736008880618387,0.09267047277796958,0.14713794560632937
362.0,2.588750635903047,0.36274179552126795,2.1610157592160157,0.26151975780736747
363.0,2.6176824413479878,0.16259300435726115,2.309759181587716,0.13211729389264992
364.0,0.02799297779593137,0.06923756921716424,0.03248354316879922,0.029181873192763788
365.0,0.17587071153063608,0.5605554617188632,0.3635096233952919,0.16482148096217208
366.0,1.3485288040510088,0.23689436228183466,1.470374185238115,0.15121240845090092
367.0,1.8942168620578297,0.22711330971789448,1.6867285641709535,0.1966528477276851
368.0,1.407902462239502,0.20393664150460086,1.4584711178485366,0.0941908435874067
369.0,0.2965804532178179,0.20141142633576628,0.6204754338080778,0.12378894479766706
370.0,0.3410497987131023,0.07218336798755035,0.11304664446266127,0.05755695608054905
371.0,0.24600724740185562,0.03853890321933327,0.38340745039564755,0.048365093701815014
372.0,0.05688249273894499,0.033780811831517564,0.18924848932700566,0.03811983911576636
373.0,0.1851459859978215,0.0352450768659083,0.009585394162659223,0.032047557080875276
374.0,0.2797936435337054,0.023552639444899277,0.4680261006071118,0.031121409106357602
375.0,0.12338306513476849,0.043116892075558036,0.02255526301508028,0.025194679753086525
376.0,0.4068773331681349,0.07473553964684329,0.14161339930196015,0.04224712734335473
377.0,0.882057915959617,0.0818814648940842,1.2185999801546357,0.08667146717960707
378.0,0.8188350675573944,0.08657105557392193,0.804282716362085,0.056645267277856064
379.0,0.17629543043647428,0.034670075792535456,0.14433434713177645,0.02618628383995433
380.0,1.0364549558639935,0.14304288911221105,1.057147661375282,0.10328456392800496
381.0,0.28371709765316966,0.0479347921131984,0.3765192196658662,0.024194806061616878
382.0,0.6476891087470744,0.07371668509555344,0.7912070650401503,0.06874642060464836
383.0,0.043722498754265926,0.024509254707106066,0.07253164355433864,0.019109477620605345
384.0,0.04964045914334229,0.09734597480703883,0.1112518330274551,0.047246105286827704
385.0,0.0945524255168094,0.06665647891496804,0.17864026002841238,0.03626438434928236
386.0,0.5297889279346689,0.12683220979826235,0.0,0.01627201339216842
387.0,0.9211796910901898,0.14584030506159745,0.5099994305618295,0.044364662077659815
388.0,0.80762619667229,0.13435104225841787,0.8822181539925691,0.07869380210896243
389.0,0.3822705785020024,0.16116147780617163,0.9384411346594845,0.09114144820881598
390.0,0.49330900799504596,0.0627374098576494,0.7054843261653916,0.04422778715908217
391.0,0.3224678411302173,0.06218821129722712,0.48679351082043215,0.07137573863949896
392.0,0.27934573791092,0.03492398504906369,0.21141692086664046,0.049717470261057516
393.0,0.3400562503637444,0.04322879190675599,0.45963736759762064,0.03435124399044545
394.0,0.13893174260003918,0.011515190181762558,0.27015537514007437,0.02794597637990276
395.0,0.3927316769276453,0.04048316667524033,0.7175590201689935,0.07070344604725404
396.0,0.4143833494399011,0.03646987730257992,0.4849979142621012,0.06090800582446329
397.0,0.23372958899827279,0.017833666981895955,0.06014645617174097,0.019233255724678197
398.0,0.8074182609412848,0.04213823998689066,1.2843408190377037,0.10624209138382008
399.0,0.3543140397882476,0.08203723667040182,0.16471803264765217,0.08124993990600671
400.0,0.8480130985100397,0.1423542629628484,0.6682670410423345,0.05923097808013494
401.0,0.5712218383103251,0.22178560174791362,0.41752783987822967,0.0970967414847833
402.0,0.5751800201062345,0.20295061830704297,0.2905806461662923,0.0561708340817402
403.0,1.3385229687200582,0.5148554538057417,0.7870370161247426,0.15881374923161104
404.0,0.7063071507350867,0.2311672758433732,0.6428039125271736,0.0854222999721919
405.0,1.582503812255947,0.498634508268903,1.960047656593465,0.15586488031528004
406.0,1.4550334557815572,0.229350561384188,2.588448313307501,0.23911236590817206
407.0,1.659977045606008,0.26411356403597114,0.7351094998085453,0.06991793548205479
408.0,1.7138227752581543,0.3878278033916507,1.281825533020747,0.24104354264992
409.0,1.370776284657885,0.2839255720201835,0.49038046620071757,0.17050727139051644
410.0,1.0440758611390388,0.1032336074510129,0.7028722960964122,0.12268602941824788
411.0,0.15873677750668502,0.02838425688928035,0.10869866432409762,0.011101881720546101
412.0,0.5799794355461526,0.023974139198922707,0.5173344476830647,0.014108737678677883
413.0,0.5981042450549026,0.023738183384243074,0.6580512311908897,0.03314793505203309
414.0,0.9011804819612002,0.06458576086080643,1.050632386825341,0.07246344914510283
415.0,0.42252461237667366,0.022954913747787534,0.49495043336148675,0.03248822590993802
416.0,0.03630683514799338,0.03334551161416118,0.11986234886627566,0.016851270702988204
417.0,0.09946387499876216,0.022926570830348016,0.17529415704582318,0.023459311197195517
418.0,0.6900326128925712,0.0916201216426458,0.9620355533717279,0.07791176108753725
419.0,1.2415958031053231,0.19244060656000528,1.424019627429457,0.1045859185105866
420.0,0.721433661892205,0.07722603724638603,0.8678506207301904,0.07658869852918808
421.0,0.8776189487298331,0.15737240926552662,0.9128779366578958,0.07402128812947643
422.0,3.292209929694839,0.508876600449303,4.371598323558855,0.35242009143134206
423.0,2.5816126187602415,0.3611457639860325,3.177203505738815,0.1933452696477163
424.0,2.553621914989443,0.34415043549020075,2.4468406083703518,0.17496659005261575
425.0,1.7887775589282007,0.22957679533537104,0.35683238182031396,0.06948499905225416
426.0,0.0,0.10538116106110348,0.7501003520087803,0.11451151800504501
427.0,1.0227719214679503,0.19834761926865932,1.1503712072982835,0.09749251576499572
428.0,1.7615429654997279,0.15631151180633562,1.9483124105315548,0.152805519793449
429.0,0.6788852060537551,0.09069632872882964,0.822020106650203,0.0539302227035451
430.0,0.47943691235254937,0.06370475148840458,0.5046941474359506,0.04166914732071799
431.0,0.799575046111901,0.08571269502155066,0.8785503380522114,0.0563495752033541
432.0,0.003565808897807686,0.0025952460848049034,0.0012685527374492129,0.0010295455337870857
433.0,0.48258587096081773,0.01950562413166282,0.5185692067127424,0.024732906656306612
434.0,0.14604974414392852,0.015028816483221715,0.3618315794420137,0.014477428382112193
435.0,0.16257424176746085,0.01584024460076642,0.08878803178180933,0.016491585637515738
436.0,0.014189236475154137,0.03204021058677655,0.011747352075633984,0.014506168371559143
437.0,0.08634080152111161,0.033638986061883876,0.04076810086293756,0.010867197368881582
438.0,0.821317248889251,0.07889112907875209,1.0643150449963938,0.06834187957267952
439.0,0.4757370621964407,0.031939700421700926,0.581178307303088,0.03820140081685197
440.0,0.634037713177322,0.08735660506476003,0.8043807912457162,0.09928205005836768
441.0,0.6684391352548228,0.1688761024350058,1.0508789108622603,0.12233099097137158
442.0,0.5957639304425091,0.24574188295887558,0.17282886461574026,0.05519338010089371
443.0,0.3255230656389487,0.03990553862432848,0.41004989401433345,0.041772803921517415
444.0,0.3123495506769086,0.040459509817394074,0.48899398204563405,0.0346636226574595
445.0,0.1907104163890212,0.019004087791486976,0.2856827374569623,0.022144348873027672
446.0,0.9967853155420556,0.08668757957174628,1.299400225118759,0.09083934016294364
447.0,0.31165452873005495,0.030405384784510596,0.3367594773011108,0.02410311385744805
448.0,0.2091424127356746,0.032716321256355284,0.3518223368362228,0.03039353013532278
449.0,0.42528149454281716,0.04188126504375308,0.5233120853853365,0.03538281077815907
450.0,0.046019877440631095,0.01848346113964368,0.10720803190946404,0.019860317442302586
451.0,0.7588625559044356,0.2874295683923034,0.07786617127781495,0.007723524975596557
452.0,2.4034840483457467,0.17665726539533586,0.3332884200238174,0.020133688190264235
453.0,0.3178480685456534,0.16479687145841937,1.4565099158869437,0.11371364954912708
454.0,0.04773463994546395,0.09627705084226636,0.9282593783915883,0.09892556580366646
455.0,0.034489396574683695,0.06647256485074718,0.46603417063607744,0.021270313592851926
456.0,0.8011610603944966,0.10478055934122145,0.19055178911226908,0.027256557534293062
457.0,0.15384058926987987,0.02330891572298394,1.1369995933964259,0.06095017314196342
458.0,0.38584751700474756,0.057524392923001766,0.1834488581158777,0.021928431918666016
459.0,0.9605198589379533,0.05651677135835119,0.44763756918434144,0.03369898064725094
460.0,2.132086879190351,0.16537993141483973,0.831225014211455,0.059136836205066795
461.0,2.2588855440488564,0.15224121634432203,1.7736226244953661,0.11610473740509904
462.0,0.0,0.09110424727727552,1.7930652011623627,0.12262824077631979
463.0,0.05666192359098228,0.019415582724872506,0.275738419950217,0.019781155883753173
464.0,0.30004367624158296,0.0347256187287109,0.30079450012071046,0.02435400265330744
465.0,0.2952442269760889,0.03098412518904263,0.3873801381933974,0.029814196835572897
466.0,0.2745428954854337,0.033236543353389714,0.36784903963690674,0.023220326158135147
467.0,0.3775622612363112,0.027783934752664736,0.5507958259537243,0.029940281571661304
468.0,0.3063241247848208,0.01770773130568283,0.48053042845148375,0.029217081068361073
469.0,0.20729098129370832,0.01781362935879907,0.3325653386472064,0.010255697922699083
470.0,0.9304259300202954,0.033125371299397084,1.028062730318862,0.05913256997111195
471.0,0.27400317525972323,0.05468278341165612,0.42057336162427367,0.03272743984916298
472.0,0.14527430119640375,0.0612791511078574,0.33225279530775276,0.035526586372338756
473.0,0.14352476858004617,0.04888898882866986,0.2814905177115379,0.04383943278501201
474.0,0.03618940243286059,0.05732680297586863,0.046453188309332046,0.022555006235010572
475.0,0.0,0.025272982672075103,0.031019448881915514,0.018314700134433554
476.0,0.004751214411164853,0.017659898911197642,0.07534677231517614,0.011832961292549462
477.0,0.03221375152288881,0.051304661596253784,0.11039758088585834,0.018853095898269872
478.0,0.31696054892458414,0.04738979042744414,0.35674919447596787,0.041400888270133954
479.0,0.6498378921048253,0.06806761612297023,1.0895966697610397,0.06355499845264559
